Product Title,Final Price,Reduction?,Price Without Reduction,URL Product,URL Image,Stock Status
Champagne Henriot Blanc de Blancs Brut NV (With 2 Champagne Glasses) -BP_476241,598,no,,https://www.watsonswine.com/en/wine/champagne-henriot-blanc-de-blancs-brut-nv-with-2-champagne-glasses-/p/BP_476241,https://www.watsonswine.com/medias/sys_master/front/prd/9020718350366.png,In Stock
Champagne Palmer & Co Blanc de Blancs Brut NV-BP_450340,438,yes,548,https://www.watsonswine.com/en/wine/champagne-palmer-co-blanc-de-blancs-brut-nv/p/BP_450340,https://www.watsonswine.com/medias/sys_master/front/prd/8918619783198.png,In Stock
Le Brun de Neuville Extra Brut Blanc de Blancs Champagne NV-BP_333228,480,no,,https://www.watsonswine.com/en/wine/le-brun-de-neuville-extra-brut-blanc-de-blancs-champagne-nv/p/BP_333228,https://www.watsonswine.com/medias/sys_master/front/prd/8994189901854.png,In Stock
Le Brun de Neuville Extra Brut Champagne Le Chemin Empreinte Blanc de Blancs NV-BP_415277,490,no,,https://www.watsonswine.com/en/wine/le-brun-de-neuville-extra-brut-champagne-le-chemin-empreinte-blanc-de-blancs-nv/p/BP_415277,https://www.watsonswine.com/medias/sys_master/front/prd/8995299950622.png,In Stock
Champagne Henriot Brut Souverain NV-BP_374019,450,no,,https://www.watsonswine.com/en/wine/champagne-henriot-brut-souverain-nv/p/BP_374019,https://www.watsonswine.com/medias/sys_master/front/prd/9026003599390.png,In Stock
Champagne Palmer & Co Brut Reserve NV-BP_384090,398,no,,https://www.watsonswine.com/en/wine/champagne-palmer-co-brut-reserve-nv/p/BP_384090,https://www.watsonswine.com/medias/sys_master/front/prd/8995341074462.png,Out of Stock
Champagne Henriot Blanc de Blancs Brut NV-BP_374020,558,no,,https://www.watsonswine.com/en/wine/champagne-henriot-blanc-de-blancs-brut-nv/p/BP_374020,https://www.watsonswine.com/medias/sys_master/front/prd/9016903761950.png,In Stock
Maison De Grand Marquis De La Mysteriale Champagne Brut NV-BP_480309,420,no,,https://www.watsonswine.com/en/wine/maison-de-grand-marquis-de-la-mysteriale-champagne-brut-nv/p/BP_480309,https://www.watsonswine.com/medias/sys_master/front/prd/8842541858846.jpg,In Stock
Le Brun de Neuville Brut Champagne Cuvee Authentique Assemblage NV-BP_333229,420,yes,558,https://www.watsonswine.com/en/wine/le-brun-de-neuville-brut-champagne-cuvee-authentique-assemblage-nv/p/BP_333229,https://www.watsonswine.com/medias/sys_master/front/prd/8994304851998.png,In Stock
Sophienwald Champagne Glass (With Gift Box)-BP_415041,495,no,,https://www.watsonswine.com/en/wine/sophienwald-champagne-glass-with-gift-box-/p/BP_415041,https://www.watsonswine.com/medias/sys_master/front/prd/8962365030430.png,In Stock
Louis Roederer Cristal Vinotheque 1999 (With Gift Box)-BP_179225,9500,no,,https://www.watsonswine.com/en/wine/louis-roederer-cristal-vinotheque-1999-with-gift-box-/p/BP_179225,https://www.watsonswine.com/medias/sys_master/front/prd/8971625463838.png,In Stock
Dom Perignon Rose Vintage 2006-BP_344008,2680,no,,https://www.watsonswine.com/en/wine/dom-perignon-rose-vintage-2006/p/BP_344008,https://www.watsonswine.com/medias/sys_master/front/prd/9005571112990.png,Out of Stock
Coessens Largillier Rose de Saignee NV-BP_378996,665,no,,https://www.watsonswine.com/en/wine/coessens-largillier-rose-de-saignee-nv/p/BP_378996,https://www.watsonswine.com/medias/sys_master/front/prd/8994567651358.png,In Stock
Colcombet Brut Rose NV-BP_485070,490,no,,https://www.watsonswine.com/en/wine/colcombet-brut-rose-nv/p/BP_485070,https://www.watsonswine.com/medias/sys_master/front/prd/8915712049182.png,In Stock
Soutiran Perle Noir Grd Cru Brut Ambonnay Nv-BP_390495,680,no,,https://www.watsonswine.com/en/wine/soutiran-perle-noir-grd-cru-brut-ambonnay-nv/p/BP_390495,https://www.watsonswine.com/medias/sys_master/front/prd/8904015446046.png,In Stock
Gosset Grand Millesime 2012 (With Gift Box)-BP_399914,698,no,,https://www.watsonswine.com/en/wine/gosset-grand-millesime-2012-with-gift-box-/p/BP_399914,https://www.watsonswine.com/medias/sys_master/front/prd/9020719005726.png,In Stock
Le Brun de Neuville Autolyse Blanc de Noirs & Blancs NV-BP_415281,595,no,,https://www.watsonswine.com/en/wine/le-brun-de-neuville-autolyse-blanc-de-noirs-blancs-nv/p/BP_415281,https://www.watsonswine.com/medias/sys_master/front/prd/8973665468446.png,In Stock
Perrier Jouet Belle Epoque Blanc 2013-BP_342756,1350,no,,https://www.watsonswine.com/en/wine/perrier-jouet-belle-epoque-blanc-2013/p/BP_342756,https://www.watsonswine.com/medias/sys_master/front/prd/8998644088862.png,In Stock
Gosset Grande Reserve Brut - 37.5cl-BP_108232,298,no,,https://www.watsonswine.com/en/wine/gosset-grande-reserve-brut-375cl/p/BP_108232,https://www.watsonswine.com/medias/sys_master/front/prd/8994347188254.png,In Stock
Gosset Grande Reserve Brut NV - 150cl-BP_113166,1138,no,,https://www.watsonswine.com/en/wine/gosset-grande-reserve-brut-nv-150cl/p/BP_113166,https://www.watsonswine.com/medias/sys_master/front/prd/8916365475870.png,In Stock
Billecart Salmon Brut Reserve NV-BP_123285,468,no,,https://www.watsonswine.com/en/wine/billecart-salmon-brut-reserve-nv/p/BP_123285,https://www.watsonswine.com/medias/sys_master/front/prd/8995337502750.png,In Stock
Moet & Chandon Imperial Brut - 37.5cl-BP_124359,260,no,,https://www.watsonswine.com/en/wine/moet-chandon-imperial-brut-375cl/p/BP_124359,https://www.watsonswine.com/medias/sys_master/front/prd/9018370949150.png,In Stock
Veuve Clicquot La Grande Dame 1990 150Cl - 150cl-BP_128832,7080,no,,https://www.watsonswine.com/en/wine/veuve-clicquot-la-grande-dame-1990-150cl-150cl/p/BP_128832,https://www.watsonswine.com/medias/sys_master/front/prd/8889528844318.png,In Stock
Pol Roger Brut Reserve NV-BP_129503,480,no,,https://www.watsonswine.com/en/wine/pol-roger-brut-reserve-nv/p/BP_129503,https://www.watsonswine.com/medias/sys_master/front/prd/8994110504990.png,In Stock
Laurent Perrier Brut NV-BP_129874,498,no,,https://www.watsonswine.com/en/wine/laurent-perrier-brut-nv/p/BP_129874,https://www.watsonswine.com/medias/sys_master/front/prd/9018283556894.png,In Stock
Ruinart Blanc De Blancs Nv (With Giftbox)-BP_144761,668,yes,780,https://www.watsonswine.com/en/wine/ruinart-blanc-de-blancs-nv-with-giftbox-/p/BP_144761,https://www.watsonswine.com/medias/sys_master/front/prd/9030051627038.png,In Stock
Moet & Chandon Imperial Brut With Gift Box-BP_148221,330,no,,https://www.watsonswine.com/en/wine/moet-chandon-imperial-brut-with-gift-box/p/BP_148221,https://www.watsonswine.com/medias/sys_master/front/prd/8863231541278.jpg,In Stock
Veuve Clicquot Yellow Label Brut (With Giftbox)-BP_148231,490,no,,https://www.watsonswine.com/en/wine/veuve-clicquot-yellow-label-brut-with-giftbox-/p/BP_148231,https://www.watsonswine.com/medias/sys_master/front/prd/8913574985758.png,In Stock
Gosset Brut Excellence NV (Without Gift Box)-BP_165878,290,yes,378,https://www.watsonswine.com/en/wine/gosset-brut-excellence-nv-without-gift-box-/p/BP_165878,https://www.watsonswine.com/medias/sys_master/front/prd/8883808731166.png,In Stock
Ruinart Rose Nv (With Gift Box)-BP_166499,668,yes,780,https://www.watsonswine.com/en/wine/ruinart-rose-nv-with-gift-box-/p/BP_166499,https://www.watsonswine.com/medias/sys_master/front/prd/9029527666718.png,In Stock
Moet & Chandon Rose Imperial Brut (With Gift Box)-BP_191055,430,no,,https://www.watsonswine.com/en/wine/moet-chandon-rose-imperial-brut-with-gift-box-/p/BP_191055,https://www.watsonswine.com/medias/sys_master/front/prd/9009615962142.png,In Stock
Gosset Grand Blanc de Blancs Brut NV (With Gift Box)-BP_357057,628,no,,https://www.watsonswine.com/en/wine/gosset-grand-blanc-de-blancs-brut-nv-with-gift-box-/p/BP_357057,https://www.watsonswine.com/medias/sys_master/front/prd/9020720316446.png,In Stock
Perrier Jouet Grand Brut NV-BP_357243,395,yes,478,https://www.watsonswine.com/en/wine/perrier-jouet-grand-brut-nv-without-gift-box-/p/BP_357243,https://www.watsonswine.com/medias/sys_master/front/prd/8937875963934.png,In Stock
Perrier Jouet Blason Rose Brut NV-BP_357244,558,no,,https://www.watsonswine.com/en/wine/perrier-jouet-blason-rose-brut-nv/p/BP_357244,https://www.watsonswine.com/medias/sys_master/front/prd/9012586446878.png,In Stock
Gosset Brut Excellence NV (With Gift Box)-BP_371390,388,no,,https://www.watsonswine.com/en/wine/gosset-brut-excellence-nv-with-gift-box-/p/BP_371390,https://www.watsonswine.com/medias/sys_master/front/prd/9021723770910.png,Out of Stock
Gosset Grand Rose Brut (Without Gift Box)-BP_387956,598,no,,https://www.watsonswine.com/en/wine/gosset-grand-rose-brut-without-gift-box-/p/BP_387956,https://www.watsonswine.com/medias/sys_master/front/prd/8920604966942.png,In Stock
Moet & Chandon Imperial Brut (Without Gift Box)-BP_396944,330,yes,425,https://www.watsonswine.com/en/wine/moet-chandon-imperial-brut-without-gift-box-/p/BP_396944,https://www.watsonswine.com/medias/sys_master/front/prd/9030136234014.png,In Stock
Perrier Jouet Grand Brut NV (Festive Gift Box)-BP_416748,395,no,,https://www.watsonswine.com/en/wine/perrier-jouet-grand-brut-nv-festive-gift-box-/p/BP_416748,https://www.watsonswine.com/medias/sys_master/front/prd/8960599523358.png,In Stock
Gosset Celebris Rose Extra Brut 2007-BP_419401,1750,no,,https://www.watsonswine.com/en/wine/gosset-celebris-rose-extra-brut-2007/p/BP_419401,https://www.watsonswine.com/medias/sys_master/front/prd/9032200814622.png,In Stock
Gosset Extra Brut Excellence NV (Turquoise)-BP_445979,378,no,,https://www.watsonswine.com/en/wine/gosset-extra-brut-excellence-nv-turquoise-/p/BP_445979,https://www.watsonswine.com/medias/sys_master/front/prd/8994641051678.png,In Stock
Beaumont Des Crayeres Grande Reserve Brut NV Special Edition-BP_450339,250,yes,298,https://www.watsonswine.com/en/wine/beaumont-des-crayeres-grande-reserve-brut-nv-special-edition/p/BP_450339,https://www.watsonswine.com/medias/sys_master/front/prd/9003858788382.png,In Stock
G. H. Mumm Grand Cordon NV (Without Gift box) -BP_469728,425,no,,https://www.watsonswine.com/en/wine/g-h-mumm-grand-cordon-nv-without-gift-box-/p/BP_469728,https://www.watsonswine.com/medias/sys_master/front/prd/9012732330014.png,In Stock
Perrier Jouet Blanc de Blancs NV-BP_478334,638,no,,https://www.watsonswine.com/en/wine/perrier-jouet-blanc-de-blancs-nv/p/BP_478334,https://www.watsonswine.com/medias/sys_master/front/prd/9028185063454.png,In Stock
Billecart Salmon Brut Rose NV - 150cl-BP_123971,1888,no,,https://www.watsonswine.com/en/wine/billecart-salmon-brut-rose-nv-150cl/p/BP_123971,https://www.watsonswine.com/_ui/desktop/theme-wine/img/revamped-cat-emptyImg.png,In Stock
Deutz Brut Classic NV-BP_165868,590,no,,https://www.watsonswine.com/en/wine/deutz-brut-classic-nv/p/BP_165868,https://www.watsonswine.com/medias/sys_master/front/prd/9018366394398.png,In Stock
Piper Heidsieck Cuvee Brut NV-BP_373777,458,no,,https://www.watsonswine.com/en/wine/piper-heidsieck-cuvee-brut-nv/p/BP_373777,https://www.watsonswine.com/medias/sys_master/front/prd/8994692300830.png,In Stock
Perrier Jouet Grand Brut NV - 150cl-BP_360060,998,no,,https://www.watsonswine.com/en/wine/perrier-jouet-grand-brut-nv-150cl/p/BP_360060,https://www.watsonswine.com/medias/sys_master/front/prd/9012061405214.png,Out of Stock
Billecart Salmon Nicolas Francois Brut 2002-BP_480808,1880,yes,2480,https://www.watsonswine.com/en/wine/billecart-salmon-nicolas-francois-brut-2002/p/BP_480808,https://www.watsonswine.com/medias/sys_master/front/prd/9016053235742.png,In Stock
Billecart Salmon Cuvee Elisabeth Brut Rose 2008-BP_480809,2080,no,,https://www.watsonswine.com/en/wine/billecart-salmon-cuvee-elisabeth-brut-rose-2008/p/BP_480809,https://www.watsonswine.com/medias/sys_master/front/prd/8996418912286.png,In Stock
Krug Grande Cuvee 169eme Edition-BP_483807,1490,yes,1790,https://www.watsonswine.com/en/wine/krug-grande-cuvee-169eme-edition/p/BP_483807,https://www.watsonswine.com/medias/sys_master/front/prd/8848068214814.jpg,In Stock
Pierre Paillard Les Terres Roses Bouzy Grand Cru NV-BP_486442,568,no,,https://www.watsonswine.com/en/wine/pierre-paillard-les-terres-roses-bouzy-grand-cru-nv/p/BP_486442,https://www.watsonswine.com/medias/sys_master/front/prd/8950838198302.png,In Stock
G. H. Mumm Grand Cordon Rose NV-BP_480402,485,no,,https://www.watsonswine.com/en/wine/g-h-mumm-grand-cordon-rose-nv/p/BP_480402,https://www.watsonswine.com/medias/sys_master/front/prd/8829139910686.jpg,In Stock
Taittinger Brut Reserve NV FIFA World Cup Edition-BP_108415,520,no,,https://www.watsonswine.com/en/wine/taittinger-brut-reserve-nv-fifa-world-cup-edition/p/BP_108415,https://www.watsonswine.com/medias/sys_master/front/prd/9018361774110.png,In Stock
Nicolas Feuillatte Brut Reserve NV-BP_117645,428,no,,https://www.watsonswine.com/en/wine/nicolas-feuillatte-brut-reserve-nv/p/BP_117645,https://www.watsonswine.com/medias/sys_master/front/prd/8941861830686.png,In Stock
Cattier Blanc de Blancs Premier Cru Brut NV-BP_117254,480,yes,605,https://www.watsonswine.com/en/wine/cattier-blanc-de-blancs-premier-cru-brut-nv/p/BP_117254,https://www.watsonswine.com/medias/sys_master/front/prd/9018241024030.png,In Stock
Cattier Brut Premier Cru NV-BP_117313,395,no,,https://www.watsonswine.com/en/wine/cattier-brut-premier-cru-nv/p/BP_117313,https://www.watsonswine.com/medias/sys_master/front/prd/8995350347806.png,In Stock
Le Brun de Neuville Autolysis Blanc de Blancs NV-BP_333234,750,no,,https://www.watsonswine.com/en/wine/le-brun-de-neuville-autolysis-blanc-de-blancs-nv/p/BP_333234,https://www.watsonswine.com/medias/sys_master/front/prd/8875637800990.png,In Stock
Gosset Celebris Extra Brut 2007 (With Gift Box)-BP_347554,1280,no,,https://www.watsonswine.com/en/wine/gosset-celebris-extra-brut-2007-with-gift-box-/p/BP_347554,https://www.watsonswine.com/medias/sys_master/front/prd/8944637804574.png,In Stock
Henriot Brut Rose NV-BP_390526,680,no,,https://www.watsonswine.com/en/wine/henriot-brut-rose-nv/p/BP_390526,https://www.watsonswine.com/medias/sys_master/front/prd/8994840084510.png,In Stock
Cattier Brut Premier Cru 2009-BP_341613,590,yes,695,https://www.watsonswine.com/en/wine/cattier-brut-premier-cru-2009/p/BP_341613,https://www.watsonswine.com/medias/sys_master/front/prd/8888028135454.png,In Stock
Coessens Largillier Blanc de Noirs NV-BP_378994,550,yes,635,https://www.watsonswine.com/en/wine/coessens-largillier-blanc-de-noirs-nv/p/BP_378994,https://www.watsonswine.com/medias/sys_master/front/prd/8994793685022.png,In Stock
Coessens Largillier Les Sens Boises Brut NV-BP_378995,780,no,,https://www.watsonswine.com/en/wine/coessens-largillier-les-sens-boises-brut-nv/p/BP_378995,https://www.watsonswine.com/medias/sys_master/front/prd/8994826321950.png,In Stock
Lot. 1-175 Chardonnay Pinot Noir Cuv√©e 2012-BP_380130,1580,no,,https://www.watsonswine.com/en/wine/lot-1-175-chardonnay-pinot-noir-cuv%C3%A9e-2012/p/BP_380130,https://www.watsonswine.com/medias/sys_master/front/prd/8892484878366.png,In Stock
Gosset Celebris Les Celebrissime 1995 (With Gift Box)-BP_379725,4800,no,,https://www.watsonswine.com/en/wine/gosset-celebris-les-celebrissime-1995-with-gift-box-/p/BP_379725,https://www.watsonswine.com/medias/sys_master/front/prd/8994305507358.png,In Stock
Franck Bonville Prestige Blanc de Blancs Avize Grand Cru NV-BP_390489,480,no,,https://www.watsonswine.com/en/wine/franck-bonville-prestige-blanc-de-blancs-avize-grand-cru-nv/p/BP_390489,https://www.watsonswine.com/medias/sys_master/front/prd/8994864988190.png,In Stock
Soutiran Blanc De Blanc Grd Cru Brut Ambonnay NV-BP_390494,480,no,,https://www.watsonswine.com/en/wine/soutiran-blanc-de-blanc-grd-cru-brut-ambonnay-nv/p/BP_390494,https://www.watsonswine.com/medias/sys_master/front/prd/9032206024734.png,In Stock
Soutiran Signature Grd Cru Brut Ambonnay Nv-BP_390493,450,no,,https://www.watsonswine.com/en/wine/soutiran-signature-grd-cru-brut-ambonnay-nv/p/BP_390493,https://www.watsonswine.com/medias/sys_master/front/prd/8908726239262.png,In Stock
Soutiran Rose Saignee Ambonnay Brut NV-BP_390496,650,no,,https://www.watsonswine.com/en/wine/soutiran-rose-saignee-ambonnay-brut-nv/p/BP_390496,https://www.watsonswine.com/medias/sys_master/front/prd/8908752814110.png,In Stock
Veuve Clicquot Vintage Reserve 2012 (With Gift Box)-BP_404573,680,no,,https://www.watsonswine.com/en/wine/veuve-clicquot-vintage-reserve-2012-with-gift-box-/p/BP_404573,https://www.watsonswine.com/medias/sys_master/front/prd/8912785408030.png,In Stock
Veuve Clicquot Vintage Rose 2012-BP_404574,730,no,,https://www.watsonswine.com/en/wine/veuve-clicquot-vintage-rose-2012/p/BP_404574,https://www.watsonswine.com/medias/sys_master/front/prd/8912784162846.png,In Stock
Le Brun de Neuville Le Chemin Empreinte Blanc de Blancs Extra Brut NV-BP_438834,490,no,,https://www.watsonswine.com/en/wine/le-brun-de-neuville-le-chemin-empreinte-blanc-de-blancs-extra-brut-nv/p/BP_438834,https://www.watsonswine.com/medias/sys_master/front/prd/9025187577886.png,In Stock
Fleur de Miraval Exclusivement Rose NV-BP_420919,3580,no,,https://www.watsonswine.com/en/wine/fleur-de-miraval-exclusivement-rose-nv/p/BP_420919,https://www.watsonswine.com/medias/sys_master/front/prd/8994601861150.png,In Stock
Louis Roederer Cristal Brut 2013-BP_420086,2500,no,,https://www.watsonswine.com/en/wine/louis-roederer-cristal-brut-2013/p/BP_420086,https://www.watsonswine.com/medias/sys_master/front/prd/8994804498462.png,Out of Stock
Beaumont des Crayeres Grand Meunier NV-BP_420929,350,no,,https://www.watsonswine.com/en/wine/beaumont-des-crayeres-grand-meunier-nv/p/BP_420929,https://www.watsonswine.com/medias/sys_master/front/prd/8996413931550.png,In Stock
Beaumont Des Crayeres Fleur Noire 2012-BP_363883,450,no,,https://www.watsonswine.com/en/wine/beaumont-des-crayeres-fleur-noire-2012/p/BP_363883,https://www.watsonswine.com/medias/sys_master/front/prd/9002199679006.png,In Stock
Coessens Largillier Millesime Extra-Brut 2015-BP_363991,860,no,,https://www.watsonswine.com/en/wine/coessens-largillier-millesime-extra-brut-2015/p/BP_363991,https://www.watsonswine.com/medias/sys_master/front/prd/9002190176286.png,In Stock
Le Brun de Neuville Au Bout de Chemin Extra Brut NV-BP_420380,450,yes,595,https://www.watsonswine.com/en/wine/le-brun-de-neuville-au-bout-de-chemin-extra-brut-nv/p/BP_420380,https://www.watsonswine.com/_ui/desktop/theme-wine/img/revamped-cat-emptyImg.png,In Stock
Le Brun de Neuville La Croisee Des Chemins Extra Brut Nv-BP_421033,560,no,,https://www.watsonswine.com/en/wine/le-brun-de-neuville-la-croisee-des-chemins-extra-brut-nv/p/BP_421033,https://www.watsonswine.com/_ui/desktop/theme-wine/img/revamped-cat-emptyImg.png,In Stock
Beau Crayeres Fleur Blanche 2013-BP_459908,320,yes,380,https://www.watsonswine.com/en/wine/beau-crayeres-fleur-blanche-2013/p/BP_459908,https://www.watsonswine.com/medias/sys_master/front/prd/9016812797982.png,In Stock
Moet & Chandon Grand Vintage 2013-BP_461160,590,yes,650,https://www.watsonswine.com/en/wine/moet-chandon-grand-vintage-2013/p/BP_461160,https://www.watsonswine.com/medias/sys_master/front/prd/9025386577950.png,In Stock
Gosset 12 Ans De Cave A Minima Brut-BP_420492,988,no,,https://www.watsonswine.com/en/wine/gosset-12-ans-de-cave-a-minima-brut/p/BP_420492,https://www.watsonswine.com/_ui/desktop/theme-wine/img/revamped-cat-emptyImg.png,In Stock
Ruinart Vintage Rose 2007-BP_439265,2600,no,,https://www.watsonswine.com/en/wine/ruinart-vintage-rose-2007/p/BP_439265,https://www.watsonswine.com/_ui/desktop/theme-wine/img/revamped-cat-emptyImg.png,In Stock
Louis Roderer Collection 242 (No GB)-BP_470238,538,no,,https://www.watsonswine.com/en/wine/louis-roderer-collection-242-no-gb-/p/BP_470238,https://www.watsonswine.com/_ui/desktop/theme-wine/img/revamped-cat-emptyImg.png,In Stock
Billecart BRUT ROSE NV (FESTIVE GB)-BP_470631,580,yes,690,https://www.watsonswine.com/en/wine/billecart-brut-rose-nv-festive-gb-/p/BP_470631,https://www.watsonswine.com/medias/sys_master/front/prd/9029435949086.png,In Stock
Deutz Brut Classic NV - 6 Bottle Pack-BP_102878,2690,yes,3540,https://www.watsonswine.com/en/wine/deutz-brut-classic-nv-6-bottle-pack/p/BP_102878,https://www.watsonswine.com/medias/sys_master/front/prd/9030230802462.png,In Stock
Henriot Brut Souverain NV - 6 Bottle Pack-BP_104531,2280,yes,2700,https://www.watsonswine.com/en/wine/henriot-brut-souverain-nv-6-bottle-pack/p/BP_104531,https://www.watsonswine.com/medias/sys_master/front/prd/9030229032990.png,In Stock
Riedel Vinum Vintage Champagne (416/48)-BP_123562,260,no,,https://www.watsonswine.com/en/wine/riedel-vinum-vintage-champagne-416-48-/p/BP_123562,https://www.watsonswine.com/medias/sys_master/front/prd/9018328055838.png,In Stock
Martell Vignoble C. Mongillon Grande Champagne 1989-BP_480653,8800,no,,https://www.watsonswine.com/en/wine/martell-vignoble-c-mongillon-grande-champagne-1989/p/BP_480653,https://www.watsonswine.com/medias/sys_master/front/prd/8860007104542.jpg,In Stock
Dom Perignn Vintage 2012 (Gift Box)-BP_469241,1590,yes,1780,https://www.watsonswine.com/en/wine/dom-perignn-vintage-2012-gift-box-/p/BP_469241,https://www.watsonswine.com/medias/sys_master/front/prd/9023984926750.png,In Stock
